{
  "val_accuracy": 0.964755654335022,
  "val_loss": 0.11869250237941742,
  "training_duration": "2:38:39.344438"
}